1;абака
2;аббат
3;абвер
4;абзац
5;аборт
6;абрек
7;абрис
8;абхаз
9;абцуг
10;абшид
11;аванс
12;авгит
13;авгур
14;авеню
15;авизо
16;авось
17;аврал
18;автол
19;автор
20;агава
21;агама
22;агами
23;агент
24;агнат
25;агнец
26;аграф
27;адепт
28;адрес
29;адряс
30;ажгон
31;азарт
32;азиат
33;айван
34;аймак
35;айран
36;айсор
37;акажу
38;акант
39;акрил
40;аксон
41;актёр
42;актив
43;акула
44;акциз
45;акция
46;аларм
47;алеут
48;алиби
49;алкаш
50;аллея
51;аллюр
52;алмаз
53;алтей
54;алтын
55;алчба
56;алыча
57;альфа
58;амбар
59;амбра
60;амбре
61;амвон
62;амёба
63;аминь
64;ампер
65;ампир
66;ангар
67;ангел
68;анион
69;анкер
70;анонс
71;антик
72;антре
73;анчар
74;аншеф
75;аорта
76;апорт
77;апрош
78;арбуз
79;аргон
80;аргус
81;ареал
82;арека
83;арена
84;арест
85;ариец
86;аркан
87;армия
88;армяк
89;архар
90;архив
91;аршин
92;аскер
93;аскет
94;аспид
95;астат
96;астма
97;астра
98;асцит
99;атака
100;атлас
101;атлет
102;атолл
103;аттик
104;афера
105;афиша
106;ацтек
107;аэроб
108;аэрон
109;бабка
110;бабьё
111;багаж
112;багги
113;багет
114;багор
115;бадан
116;бадья
117;базар
118;базис
119;байга
120;байда
121;байка
122;бакан
123;бакен
124;бакун
125;балда
126;балет
127;балка
128;балок
129;балык
130;банан
131;банда
132;банка
133;барак
134;баран
135;бареж
136;баржа
137;барий
138;барин
139;барит
140;барич
141;барка
142;бармы
143;барон
144;барыш
145;баска
146;басма
147;баснь
148;басня
149;басок
150;басон
151;батат
152;батог
153;батон
154;батут
155;батыр
156;бахта
157;бахча
158;бачок
159;башка
160;башня
161;бегун
162;бедро
163;безик
164;бейка
165;бекар
166;бекас
167;бекон
168;белёк
169;белец
170;белка
171;белок
172;бельё
173;беляк
174;беляш
175;бёрдо
176;берег
177;берет
178;бетон
179;бивак
180;бидон
181;бизон
182;билет
183;билль
184;бином
185;биржа
186;бирка
187;бирюк
188;бирюч
189;бисер
190;битва
191;биток
192;битум
193;битьё
194;битюг
195;благо
196;блажь
197;бланк
198;блато
199;блеск
200;близь
201;блинт
202;блоха
203;блуза
204;блюдо
205;бляха
206;бобёр
207;бобик
208;бобок
209;богач
210;бодяк
211;божба
212;божок
213;бойня
214;бокал
215;болид
216;бомба
217;бонза
218;бонмо
219;бонна
220;бордо
221;борей
222;борец
223;боров
224;борок
225;борть
226;босяк
227;ботва
228;ботик
229;бочаг
230;бочар
231;бочка
232;бочок
233;браво
234;брага
235;брада
236;брань
237;брасс
238;бремя
239;брешь
240;бридж
241;брика
242;бриль
243;бритт
244;бровь
245;бронх
246;броня
247;брошь
248;брыжи
249;брыла
250;брюки
251;брюхо
252;бубен
253;бубна
254;бубон
255;бугай
256;бугор
257;будка
258;будра
259;будяк
260;букан
261;буква
262;букет
263;букле
264;букля
265;букса
266;булат
267;булга
268;булка
269;булла
270;бурав
271;бурак
272;буран
273;бурат
274;бурда
275;бурка
276;бурса
277;бурун
278;бурят
279;бутан
280;бутон
281;бутса
282;бутуз
283;буфер
284;буфет
285;бухта
286;быдло
287;былка
288;былое
289;быльё
290;бытие
291;бытьё
292;бычок
293;бювар
294;бювет
295;бюкса
296;вабик
297;вагон
298;вазон
299;вакса
300;валах
301;валеж
302;валёк
303;валёр
304;валет
305;валец
306;валик
307;валка
308;валок
309;валуй
310;валун
311;валух
312;вальс
313;ванна
314;ванта
315;варан
316;варка
317;варок
318;варяг
319;ватин
320;ватка
321;вафля
322;вахта
323;вдова
324;ведро
325;вёдро
326;ведун
327;вежда
328;векша
329;велюр
330;венгр
331;венец
332;веник
333;венок
334;вепрь
335;верба
336;вервь
337;веред
338;верес
339;верея
340;верки
341;верфь
342;верша
343;весло
344;весна
345;весок
346;весть
347;ветвь
348;ветер
349;ветка
350;ветла
351;вечер
352;вешка
353;вещун
354;взбег
355;взвар
356;взвод
357;вздор
358;вздох
359;взлёт
360;взлом
361;взмах
362;взмёт
363;взмыв
364;взнос
365;взрез
366;взрыв
367;взрыд
368;взыск
369;видео
370;видик
371;видок
372;визаж
373;визир
374;визит
375;вилка
376;вилла
377;вилок
378;винцо
379;виола
380;вираж
381;вирус
382;вирша
383;виски
384;висок
385;вития
386;виток
387;витьё
388;вихор
389;вихрь
390;вишня
391;вклад
392;влага
393;власы
394;внука
395;вобла
396;вогул
397;водка
398;вожак
399;вождь
400;вожжа
401;возик
402;возка
403;возня
404;возок
405;война
406;вокал
407;волан
408;волга
409;волна
410;волок
411;волос
412;волхв
413;вольт
414;вопль
415;ворог
416;ворон
417;ворот
418;ворох
419;ворьё
420;вотум
421;вотяк
422;вошка
423;вояка
424;впуск
425;враки
426;враль
427;врата
428;время
429;вруша
430;вспых
431;всход
432;втора
433;вуаль
434;вчера
435;въезд
436;выбой
437;выбор
438;вывал
439;вывес
440;вывих
441;вывод
442;вывоз
443;выгар
444;выгиб
445;выгон
446;выгул
447;выдел
448;выдох
449;выдра
450;выдув
451;выезд
452;выжиг
453;выжим
454;вызов
455;выкат
456;выкол
457;выкос
458;выкуп
459;выкус
460;вылаз
461;вылет
462;вылов
463;вылом
464;вымах
465;вымор
466;вынос
467;выпад
468;выпал
469;выпар
470;выпас
471;выпор
472;выпот
473;вырез
474;выруб
475;высев
476;вытьё
477;выход
478;вычет
479;вышка
480;вьюга
481;вязка
482;вязок
483;вятич
484;вятка
485;гавот
486;гагат
487;газик
488;газок
489;газон
490;гайка
491;галка
492;галоп
493;галун
494;гамак
495;гамма
496;ганец
497;ганза
498;ганка
499;гараж
500;гарда
501;гарем
502;гарус
503;гаусс
504;гашиш
505;гвалт
506;гейша
507;гелий
508;гемма
509;гений
510;герма
511;герой
512;гетра
513;гетто
514;гжель
515;гибка
516;гидра
517;гиена
518;гиляк
519;гинея
520;гипюр
521;гирло
522;гитан
523;гитов
524;гичка
525;глава
526;главк
527;гладь
528;глина
529;глист
530;глубь
531;глушь
532;глыба
533;глясе
534;гнейс
535;гнида
536;гниль
537;гнома
538;гнусь
539;гобой
540;говор
541;гогот
542;годик
543;годок
544;голец
545;голик
546;голод
547;голос
548;голыш
549;гольд
550;гольё
551;гольф
552;голяк
553;гомон
554;гонец
555;гонка
556;гонор
557;гопак
558;горец
559;горка
560;горло
561;горно
562;город
563;горох
564;горюн
565;гость
566;гофре
567;граве
568;грамм
569;гранд
570;грань
571;графа
572;гребь
573;грёза
574;грена
575;греча
576;грива
577;гридь
578;гриль
579;грипп
580;гроза
581;грозд
582;гросс
583;груда
584;грудь
585;грунт
586;груша
587;грыжа
588;гряда
589;грязь
590;гуано
591;гуашь
592;губан
593;губка
594;гугня
595;гудок
596;гужик
597;гузка
598;гузно
599;гуляш
600;гумма
601;гумми
602;гумно
603;гумус
604;гуран
605;гурда
606;гурия
607;гусак
608;гусар
609;гусёк
610;гусит
611;гусли
612;гуцул
613;гюрза
614;давка
615;дадан
616;дамба
617;дамка
618;дачка
619;дверь
620;дебет
621;дебил
622;дебит
623;дебош
624;дебри
625;дебют
626;девиз
627;девка
628;девон
629;дедка
630;дедок
631;дёжка
632;деизм
633;деист
634;декан
635;декор
636;делёж
637;делец
638;демон
639;демос
640;денди
641;денёк
642;дерби
643;дёрен
644;дерма
645;дерть
646;десна
647;десть
648;детва
649;детка
650;дефис
651;джига
652;джинн
653;дзета
654;дзюдо
655;диана
656;диван
657;диета
658;дикая
659;динар
660;динго
661;дичок
662;длань
663;длина
664;днище
665;добор
666;довод
667;догма
668;дождь
669;дожим
670;дозор
671;дойка
672;дойна
673;дойра
674;докер
675;домёк
676;домен
677;домер
678;домна
679;домра
680;донец
681;донка
682;донна
683;донор
684;донос
685;донце
686;донья
687;дорка
688;досев
689;доска
690;досол
691;досуг
692;досыл
693;досье
694;дофин
695;доход
696;дочка
697;дошка
698;драга
699;драже
700;драка
701;драма
702;дрань
703;древо
704;дрейф
705;дрель
706;дрема
707;дрёма
708;дрена
709;дробь
710;дрова
711;дрога
712;дрожь
713;дрозд
714;дрофа
715;друза
716;друид
717;дрянь
718;дубец
719;дубка
720;дубль
721;дубок
722;дубьё
723;дувал
724;дудак
725;дудка
726;дудук
727;дужка
728;дукат
729;думец
730;думка
731;дунец
732;дунит
733;дунст
734;дупло
735;дурак
736;дурка
737;дурра
738;дурро
739;дутар
740;дутик
741;дутыш
742;дутьё
743;духан
744;душка
745;душок
746;дуэль
747;дщерь
748;дылда
749;дымка
750;дымок
751;дырка
752;дышло
753;дюбек
754;дюкер
755;дюшес
756;дятел
757;евнух
758;еврей
759;егерь
760;егоза
761;ежиха
762;ездка
763;ездок
764;елина
765;емеля
766;ересь
767;ерник
768;ёрник
769;ёршик
770;есаул
771;ехида
772;жажда
773;жакан
774;жакет
775;жакоб
776;жамка
777;жарка
778;жарок
779;жатва
780;жатка
781;жевок
782;желна
783;жёлоб
784;желть
785;желчь
786;жёлчь
787;жених
788;жёнка
789;жеода
790;жердь
791;жерех
792;жерло
793;жесть
794;жетон
795;живец
796;живот
797;живьё
798;жизнь
799;жилет
800;жилец
801;жилка
802;жильё
803;жинка
804;жираф
805;жирок
806;житие
807;житьё
808;жменя
809;жнива
810;жниво
811;жница
812;жокей
813;жрица
814;жулан
815;жулик
816;жульё
817;жупан
818;жупел
819;журка
820;жучка
821;жучок
822;забег
823;забой
824;забор
825;завал
826;завет
827;завод
828;завоз
829;завуч
830;загар
831;загиб
832;загон
833;загул
834;задел
835;задик
836;задок
837;задор
838;заеда
839;заезд
840;зажим
841;зажин
842;зажор
843;зазор
844;зазыв
845;заика
846;зайка
847;заказ
848;закал
849;закат
850;закол
851;закон
852;закуп
853;закут
854;залёт
855;залив
856;зализ
857;залог
858;залом
859;замах
860;замер
861;замес
862;замёт
863;замок
864;замор
865;замша
866;занос
867;запад
868;запал
869;запас
870;запах
871;запев
872;запой
873;запон
874;запор
875;зарез
876;зарод
877;зарок
878;заряд
879;засев
880;засов
881;засол
882;засос
883;засыл
884;затёк
885;затёс
886;затея
887;заток
888;затон
889;затор
890;заумь
891;заход
892;зацеп
893;зачёс
894;зачёт
895;зачин
896;защип
897;звено
898;звень
899;зверь
900;зебра
901;зевок
902;зелье
903;зельц
904;земец
905;земля
906;зенит
907;зенки
908;зерно
909;зернь
910;зефир
911;зипун
912;злато
913;злоба
914;злюка
915;знамя
916;знать
917;зобик
918;золка
919;зомби
920;зраза
921;зубец
922;зубик
923;зубок
924;зулус
925;зурна
926;зыбка
927;зыбун
928;зятёк
929;зятик
930;иваси
931;ивина
932;ивняк
933;иврит
934;игиль
935;игрек
936;игрок
937;игрун
938;идеал
939;идиом
940;идиот
941;иерей
942;ижица
943;избач
944;извет
945;извив
946;извод
947;извоз
948;изгиб
949;изгой
950;излёт
951;излом
952;измол
953;измор
954;износ
955;изъян
956;изыск
957;изюбр
958;икона
959;икота
960;илька
961;ильма
962;имидж
963;инвар
964;ингуш
965;индий
966;индус
967;индюк
968;инжир
969;инока
970;интим
971;инула
972;иония
973;иприт
974;ирбис
975;ирмос
976;искра
977;искус
978;ислам
979;испод
980;испуг
981;иссоп
982;истец
983;истод
984;исток
985;исход
986;иудей
987;ишиас
988;кабак
989;кабан
990;кабил
991;кабул
992;кавун
993;кагал
994;каган
995;кагат
996;кагор
997;кадет
998;кадий
999;кадка
1000;кадык
1001;казак
1002;казан
1003;казах
1004;казна
1005;казнь
1006;казус
1007;кайен
1008;кайла
1009;кайло
1010;кайма
1011;кайра
1012;какао
1013;калан
1014;калач
1015;калий
1016;калиф
1017;калла
1018;калым
1019;камас
1020;камея
1021;камин
1022;камка
1023;камса
1024;камус
1025;камча
1026;камыш
1027;канал
1028;канат
1029;канва
1030;канон
1031;каноэ
1032;канун
1033;канюк
1034;капер
1035;капля
1036;капок
1037;капор
1038;капот
1039;каппа
1040;карат
1041;карга
1042;карда
1043;карел
1044;кариб
1045;карст
1046;карта
1047;каска
1048;касса
1049;каста
1050;катар
1051;катер
1052;катет
1053;катод
1054;каток
1055;катыш
1056;кацап
1057;качка
1058;кашка
1059;кашне
1060;кашпо
1061;кащей
1062;каюта
1063;квант
1064;кварк
1065;кварц
1066;квота
1067;кегль
1068;кегля
1069;кекур
1070;кельт
1071;келья
1072;кенар
1073;кенаф
1074;кепка
1075;кефир
1076;кивер
1077;кивок
1078;кизил
1079;кизяк
1080;кинза
1081;киник
1082;киоск
1083;кипер
1084;кирза
1085;кирка
1086;кирха
1087;кисет
1088;кисея
1089;киска
1090;киста
1091;кисть
1092;кифоз
1093;кичка
1094;кишка
1095;кладь
1096;клака
1097;класс
1098;клёкт
1099;клерк
1100;клёст
1101;клеть
1102;клика
1103;клико
1104;клипс
1105;клише
1106;клоун
1107;клуня
1108;клупп
1109;клуша
1110;клюка
1111;кляча
1112;кнель
1113;кнехт
1114;книга
1115;кникс
1116;кница
1117;князь
1118;коала
1119;кобза
1120;кобра
1121;кобыз
1122;ковач
1123;ковёр
1124;ковка
1125;кожан
1126;кожух
1127;кожьё
1128;козёл
1129;кознь
1130;козон
1131;койка
1132;койне
1133;койот
1134;кокет
1135;кокон
1136;кокор
1137;кокос
1138;колба
1139;колер
1140;колет
1141;колея
1142;колик
1143;колит
1144;колка
1145;колли
1146;колоб
1147;колок
1148;колон
1149;колос
1150;колун
1151;колча
1152;колье
1153;кольт
1154;комар
1155;комик
1156;комми
1157;комод
1158;комок
1159;конёк
1160;конец
1161;коник
1162;конка
1163;конус
1164;конюх
1165;копал
1166;копач
1167;копёр
1168;копир
1169;копия
1170;копка
1171;копна
1172;копра
1173;копун
1174;копыл
1175;копьё
1176;корда
1177;кореш
1178;корка
1179;короб
1180;корча
1181;корчь
1182;корьё
1183;коряк
1184;косач
1185;косая
1186;косец
1187;космы
1188;косок
1189;кость
1190;косьё
1191;косяк
1192;котёл
1193;котик
1194;коток
1195;кофей
1196;кофий
1197;кофта
1198;кочан
1199;кочет
1200;кочка
1201;кошка
1202;кошма
1203;кощей
1204;крага
1205;кража
1206;краля
1207;крапп
1208;краса
1209;кредо
1210;креол
1211;крепь
1212;кресс
1213;крест
1214;криль
1215;крица
1216;кроат
1217;кровь
1218;кроки
1219;кроль
1220;крона
1221;кросс
1222;кроха
1223;кроше
1224;круиз
1225;крупа
1226;круть
1227;круча
1228;кручь
1229;крыло
1230;крыса
1231;крыша
1232;кубик
1233;кубло
1234;кубок
1235;кудлы
1236;кудри
1237;кузен
1238;кузня
1239;кузов
1240;кукан
1241;кукиш
1242;кукла
1243;кукша
1244;кулак
1245;кулан
1246;кулёк
1247;кулеш
1248;кулик
1249;кулич
1250;кулон
1251;культ
1252;кумач
1253;кумжа
1254;кумир
1255;кумык
1256;кумыс
1257;кунак
1258;купаж
1259;купец
1260;купля
1261;купол
1262;купон
1263;кураж
1264;курай
1265;курец
1266;курия
1267;курка
1268;курок
1269;курья
1270;кусок
1271;кутас
1272;кутёж
1273;куток
1274;кутум
1275;кутья
1276;кухва
1277;кухня
1278;кухта
1279;кучер
1280;кучка
1281;кушак
1282;кхмер
1283;кювет
1284;кюрий
1285;кюрин
1286;лабаз
1287;лабет
1288;лаваш
1289;лавка
1290;лавра
1291;лагун
1292;ладан
1293;ладья
1294;лазер
1295;лазея
1296;лазка
1297;лазок
1298;лайба
1299;лайда
1300;лайка
1301;лакей
1302;лампа
1303;ламут
1304;ландо
1305;ланды
1306;ланка
1307;лапка
1308;лапта
1309;лапша
1310;ларго
1311;ларёк
1312;ларец
1313;ласка
1314;лассо
1315;латка
1316;латук
1317;латыш
1318;лафет
1319;лафит
1320;лачка
1321;лбина
1322;лбище
1323;левак
1324;левит
1325;левша
1326;легат
1327;легаш
1328;ледок
1329;лежак
1330;лёжка
1331;лейка
1332;лемеш
1333;лемма
1334;лемур
1335;ленок
1336;лента
1337;ленто
1338;ленца
1339;лепет
1340;лепка
1341;лепра
1342;лепта
1343;лерка
1344;леска
1345;лесок
1346;лесть
1347;лётка
1348;леток
1349;летун
1350;лешак
1351;леший
1352;лещик
1353;лиана
1354;ливан
1355;ливер
1356;лидер
1357;лизин
1358;лизис
1359;лизол
1360;лизун
1361;ликёр
1362;лилея
1363;лилия
1364;лиман
1365;лимит
1366;лимон
1367;лимфа
1368;линёк
1369;линза
1370;линия
1371;липец
1372;липка
1373;липси
1374;лирик
1375;лиска
1376;литва
1377;литер
1378;литий
1379;лития
1380;литка
1381;литьё
1382;лихач
1383;лихва
1384;лицей
1385;лишай
1386;лишек
1387;лобан
1388;лобби
1389;лобик
1390;лобок
1391;ловец
1392;ловля
1393;логик
1394;лодка
1395;ложка
1396;ложок
1397;локон
1398;ломик
1399;ломка
1400;лонжа
1401;лопух
1402;лоток
1403;лотос
1404;лохмы
1405;лоция
1406;лошак
1407;лубок
1408;лужок
1409;лузга
1410;лунит
1411;лунка
1412;лупка
1413;лучик
1414;лучок
1415;лыжня
1416;лысун
1417;лытка
1418;лычко
1419;льяло
1420;любка
1421;люнет
1422;люпин
1423;люпус
1424;люрик
1425;лютик
1426;лютня
1427;люффа
1428;лючок
1429;лягва
1430;ляжка
1431;лямка
1432;ляпис
1433;лярва
1434;ляссе
1435;ляшка
1436;магик
1437;магия
1438;магма
1439;мадам
1440;маета
1441;мажор
1442;мазар
1443;мазер
1444;мазик
1445;мазка
1446;мазло
1447;мазня
1448;мазок
1449;мазур
1450;мазут
1451;майер
1452;майка
1453;майна
1454;майор
1455;макао
1456;макет
1457;макса
1458;макси
1459;малёк
1460;малец
1461;малик
1462;малка
1463;малый
1464;малыш
1465;мальё
1466;маляр
1467;маман
1468;мамба
1469;мамбо
1470;мамка
1471;манго
1472;манеж
1473;манер
1474;мание
1475;мания
1476;манка
1477;манко
1478;манна
1479;манок
1480;манси
1481;манто
1482;манул
1483;маори
1484;марал
1485;маран
1486;марго
1487;марка
1488;марля
1489;маска
1490;масло
1491;масон
1492;масса
1493;масть
1494;матка
1495;матюг
1496;матюк
1497;мафия
1498;махан
1499;махра
1500;мачта
1501;медик
1502;медок
1503;медяк
1504;мезга
1505;мезон
1506;мекка
1507;мелок
1508;мелос
1509;менка
1510;мерин
1511;мерка
1512;месса
1513;место
1514;месть
1515;месье
1516;месяц
1517;метан
1518;метил
1519;метис
1520;метка
1521;мётка
1522;метла
1523;метод
1524;метол
1525;метро
1526;меццо
1527;мечта
1528;мешок
1529;мигач
1530;мидия
1531;мизер
1532;микст
1533;милка
1534;милок
1535;мильт
1536;мимик
1537;минёр
1538;минор
1539;минус
1540;миома
1541;мираб
1542;мираж
1543;мирза
1544;мирок
1545;мирон
1546;мирра
1547;мирта
1548;миска
1549;митоз
1550;митра
1551;мишка
1552;мишук
1553;млеко
1554;могар
1555;могол
1556;модий
1557;модус
1558;мойва
1559;мойка
1560;мойра
1561;мокко
1562;мокой
1563;мокша
1564;молва
1565;молвь
1566;молка
1567;молот
1568;молох
1569;молян
1570;моляр
1571;монах
1572;мопед
1573;морда
1574;мороз
1575;морок
1576;морцо
1577;моряк
1578;мосол
1579;мосье
1580;мотет
1581;мотив
1582;мотка
1583;мотня
1584;моток
1585;мотор
1586;мотто
1587;мохер
1588;мохна
1589;мохны
1590;мочка
1591;мошка
1592;мошна
1593;мразь
1594;муаре
1595;мужик
1596;музга
1597;музей
1598;мулат
1599;мулла
1600;муляж
1601;мумиё
1602;мумия
1603;мураш
1604;мурза
1605;мурин
1606;мурло
1607;мурья
1608;мусор
1609;мутон
1610;муфта
1611;муфти
1612;муцин
1613;мучка
1614;мушар
1615;мушка
1616;мымра
1617;мысик
1618;мысль
1619;мысок
1620;мытьё
1621;мычка
1622;мышей
1623;мышка
1624;мышца
1625;мэрия
1626;мюзет
1627;мюрид
1628;мякиш
1629;мялка
1630;мямля
1631;мянда
1632;мясцо
1633;мятеж
1634;мятьё
1635;набат
1636;набег
1637;набоб
1638;набор
1639;навал
1640;навар
1641;навес
1642;навет
1643;навис
1644;навоз
1645;навой
1646;навык
1647;наган
1648;нагар
1649;нагиб
1650;нагон
1651;нагул
1652;надел
1653;надир
1654;надой
1655;надув
1656;наезд
1657;нажиг
1658;нажим
1659;нажин
1660;назём
1661;наказ
1662;накал
1663;накат
1664;накол
1665;накра
1666;налеп
1667;налёт
1668;налив
1669;налим
1670;налог
1671;налой
1672;намаз
1673;намёк
1674;намёт
1675;намин
1676;намол
1677;намыв
1678;нанду
1679;нанка
1680;нанос
1681;напев
1682;напой
1683;напор
1684;нарез
1685;народ
1686;нарта
1687;нарыв
1688;наряд
1689;насад
1690;насос
1691;насып
1692;натёк
1693;натёс
1694;натяг
1695;наука
1696;нафта
1697;нахал
1698;наход
1699;нация
1700;начёс
1701;начёт
1702;начин
1703;наяда
1704;невер
1705;невод
1706;негус
1707;недра
1708;недуг
1709;немая
1710;немец
1711;немка
1712;ненец
1713;ненка
1714;нерка
1715;нерпа
1716;нетяг
1717;нефть
1718;нечет
1719;нивка
1720;низка
1721;низок
1722;никто
1723;нилот
1724;нимфа
1725;нитка
1726;ничто
1727;ничья
1728;нищая
1729;новик
1730;новое
1731;ножик
1732;ножка
1733;ножны
1734;нойон
1735;нолик
1736;номад
1737;номер
1738;нонет
1739;нория
1740;норка
1741;норма
1742;норов
1743;носач
1744;носик
1745;носка
1746;носок
1747;нотис
1748;нотка
1749;ночка
1750;нудга
1751;нужда
1752;нукер
1753;нулик
1754;нутро
1755;нырец
1756;нырок
1757;нытик
1758;нытьё
1759;нюанс
1760;оазис
1761;обвал
1762;обвес
1763;обвод
1764;обвоз
1765;обгон
1766;обдел
1767;обдир
1768;обдув
1769;обжиг
1770;обжим
1771;обжин
1772;обжог
1773;обзор
1774;обида
1775;обкат
1776;обком
1777;обкос
1778;облёт
1779;облик
1780;облов
1781;облог
1782;облом
1783;обман
1784;обмен
1785;обмер
1786;обмёт
1787;обмин
1788;обмол
1789;обмыв
1790;обнос
1791;ободь
1792;образ
1793;обрат
1794;обрез
1795;оброк
1796;обруб
1797;обруч
1798;обрыв
1799;обряд
1800;обсев
1801;обувь
1802;обуза
1803;обход
1804;обчёт
1805;общее
1806;объём
1807;обыск
1808;овраг
1809;овсец
1810;овсюг
1811;овчар
1812;огонь
1813;огрех
1814;одёжа
1815;одурь
1816;ожина
1817;озеро
1818;озимь
1819;озноб
1820;ойрот
1821;океан
1822;окись
1823;окиян
1824;оклад
1825;оклик
1826;окоём
1827;окрас
1828;окрик
1829;окрол
1830;округ
1831;октет
1832;окунь
1833;олеин
1834;олень
1835;олеум
1836;олива
1837;олимп
1838;олифа
1839;олово
1840;ольха
1841;омега
1842;омела
1843;омлет
1844;омуль
1845;онагр
1846;оникс
1847;онуча
1848;опала
1849;опара
1850;опека
1851;опера
1852;опись
1853;опиум
1854;оплот
1855;оплыв
1856;опоек
1857;опока
1858;опора
1859;опрос
1860;оптик
1861;орава
1862;орала
1863;орало
1864;орарь
1865;орган
1866;оргия
1867;орден
1868;ордер
1869;ореол
1870;оржад
1871;оркан
1872;орлан
1873;орлец
1874;орлик
1875;орляк
1876;оршад
1877;осада
1878;осень
1879;осётр
1880;осина
1881;оскал
1882;ослик
1883;осляк
1884;осман
1885;осмий
1886;осмол
1887;осмос
1888;особа
1889;особь
1890;осоед
1891;осока
1892;остит
1893;остов
1894;остюк
1895;остяк
1896;осыпь
1897;отава
1898;отара
1899;отбив
1900;отбой
1901;отбор
1902;отвал
1903;отвар
1904;отвес
1905;ответ
1906;отвод
1907;отвоз
1908;отгиб
1909;отгон
1910;отгул
1911;отдел
1912;отдух
1913;отдых
1914;отель
1915;отжиг
1916;отжим
1917;отзол
1918;отзыв
1919;отказ
1920;откат
1921;откол
1922;откос
1923;откуп
1924;откус
1925;отлёт
1926;отлив
1927;отлов
1928;отлог
1929;отлуп
1930;отмах
1931;отмол
1932;относ
1933;отпад
1934;отпал
1935;отпор
1936;отрез
1937;отрог
1938;отрок
1939;отруб
1940;отрыв
1941;отряд
1942;отсев
1943;отсек
1944;отсос
1945;отток
1946;отход
1947;отцеп
1948;отчал
1949;отчёт
1950;отчим
1951;отъём
1952;офеня
1953;офорт
1954;офсет
1955;охват
1956;охота
1957;очерк
1958;ошеек
1959;ошкуй
1960;ощупь
1961;падеж
1962;падёж
1963;падог
1964;падуб
1965;падун
1966;пайва
1967;пайза
1968;пайка
1969;пакет
1970;пакля
1971;палас
1972;палач
1973;палаш
1974;палех
1975;палец
1976;палея
1977;палия
1978;палка
1979;палуб
1980;пампа
1981;панаш
1982;панёр
1983;панна
1984;панно
1985;панты
1986;панье
1987;панья
1988;папах
1989;папеж
1990;папка
1991;парад
1992;параф
1993;парез
1994;парик
1995;пария
1996;парка
1997;парня
1998;парок
1999;паром
2000;парта
2001;парун
2002;парус
2003;парча
2004;парша
2005;пасма
2006;пасмо
2007;паста
2008;пасть
2009;пасха
2010;пасюк
2011;патан
2012;патер
2013;патио
2014;патлы
2015;патуа
2016;пауза
2017;пафос
2018;пахви
2019;пахвы
2020;пахит
2021;пахта
2022;пацан
2023;пачка
2024;пашня
2025;паяло
2026;певец
2027;певун
2028;пегаш
2029;пекан
2030;пекло
2031;пемза
2032;пенал
2033;пенёк
2034;пение
2035;пенис
2036;пенка
2037;пенни
2038;пенье
2039;пеньё
2040;пепел
2041;пепси
2042;перга
2043;перёд
2044;перец
2045;пёрка
2046;перло
2047;перси
2048;перст
2049;перье
2050;песец
2051;пёсик
2052;песнь
2053;песня
2054;песок
2055;петит
2056;петля
2057;петух
2058;печка
2059;пешец
2060;пешка
2061;пешня
2062;пещер
2063;пещур
2064;пиала
2065;пиано
2066;пивко
2067;пигус
2068;пижма
2069;пижон
2070;пиита
2071;пикан
2072;пикап
2073;пикёр
2074;пикет
2075;пикон
2076;пикша
2077;пилав
2078;пилат
2079;пилка
2080;пилон
2081;пилот
2082;пиния
2083;пинна
2084;пинок
2085;пинта
2086;пипка
2087;пират
2088;пирит
2089;пирке
2090;пирог
2091;пирок
2092;пироп
2093;писец
2094;питок
2095;питон
2096;питьё
2097;пифос
2098;пихта
2099;пицца
2100;пищик
2101;плавь
2102;пламя
2103;пласт
2104;плата
2105;плато
2106;плаун
2107;плаха
2108;плебс
2109;плева
2110;плеер
2111;племя
2112;плена
2113;плеск
2114;плёсо
2115;плеть
2116;плечо
2117;плешь
2118;плита
2119;плица
2120;плоть
2121;плохо
2122;плюха
2123;пнище
2124;побег
2125;побои
2126;повал
2127;повар
2128;повет
2129;повод
2130;повой
2131;погиб
2132;погон
2133;подий
2134;подог
2135;подой
2136;подол
2137;поедь
2138;поезд
2139;пожар
2140;пожня
2141;пожог
2142;позём
2143;позёр
2144;позор
2145;позыв
2146;позык
2147;пойка
2148;пойло
2149;пойма
2150;поиск
2151;показ
2152;покат
2153;покер
2154;покой
2155;покос
2156;покус
2157;полба
2158;полёт
2159;полив
2160;полип
2161;полис
2162;полка
2163;полог
2164;полоз
2165;полой
2166;полок
2167;полом
2168;полон
2169;полюс
2170;поляк
2171;поляш
2172;помёт
2173;помин
2174;помои
2175;помол
2176;помор
2177;помпа
2178;понос
2179;пончо
2180;понюх
2181;попас
2182;попик
2183;попка
2184;попса
2185;порез
2186;порей
2187;порка
2188;порог
2189;порок
2190;порох
2191;порто
2192;поруб
2193;порча
2194;порыв
2195;посад
2196;посев
2197;посол
2198;посох
2199;посул
2200;посыл
2201;поташ
2202;потёк
2203;потир
2204;поток
2205;потоп
2206;потяг
2207;поход
2208;почва
2209;почёт
2210;почин
2211;почка
2212;почта
2213;пошиб
2214;пошив
2215;поэма
2216;право
2217;праща
2218;прель
2219;пресс
2220;приём
2221;прима
2222;принц
2223;приор
2224;причт
2225;приют
2226;проба
2227;проём
2228;проза
2229;пропс
2230;просо
2231;проух
2232;профи
2233;прусс
2234;прыск
2235;прыть
2236;прядь
2237;пряжа
2238;пряха
2239;псарь
2240;псина
2241;псица
2242;псише
2243;птаха
2244;птица
2245;пуант
2246;пугач
2247;пудик
2248;пудра
2249;пузан
2250;пукля
2251;пульс
2252;пульт
2253;пунец
2254;пункт
2255;пупок
2256;пурга
2257;пурин
2258;пурка
2259;пусто
2260;путец
2261;путик
2262;пуфик
2263;пучка
2264;пучок
2265;пушка
2266;пушок
2267;пчела
2268;пшено
2269;пыжик
2270;пырей
2271;пытка
2272;пышка
2273;пьеза
2274;пьеса
2275;пялка
2276;пясть
2277;пятак
2278;пятка
2279;пятно
2280;пяток
2281;радар
2282;раджа
2283;радий
2284;радио
2285;радон
2286;разик
2287;разок
2288;разор
2289;разум
2290;раина
2291;район
2292;ракия
2293;ракша
2294;рамка
2295;рампа
2296;ранет
2297;ранец
2298;ранка
2299;растр
2300;ратай
2301;ратин
2302;раунд
2303;рафия
2304;рахит
2305;рацея
2306;рация
2307;рачок
2308;рвань
2309;рвота
2310;рдест
2311;ребаб
2312;ребро
2313;ребус
2314;ревун
2315;регби
2316;редан
2317;редис
2318;редут
2319;режим
2320;резак
2321;резец
2322;резка
2323;резня
2324;резон
2325;рейка
2326;рельс
2327;ремез
2328;ремиз
2329;ренет
2330;рений
2331;рента
2332;репей
2333;репер
2334;репка
2335;репьё
2336;речка
2337;решка
2338;ржавь
2339;ржица
2340;ржище
2341;ризки
2342;рикша
2343;ринит
2344;рипус
2345;риска
2346;ритор
2347;рифма
2348;ришта
2349;робот
2350;ровик
2351;ровня
2352;рогач
2353;рогоз
2354;родий
2355;родич
2356;родня
2357;рожак
2358;рожок
2359;рожон
2360;розан
2361;розга
2362;рознь
2363;ройба
2364;ройка
2365;рокер
2366;рокот
2367;ролик
2368;роман
2369;ромец
2370;ромок
2371;ромша
2372;рондо
2373;ронжа
2374;ропак
2375;ропот
2376;ростр
2377;ротик
2378;роток
2379;ротор
2380;рохля
2381;рояль
2382;ртище
2383;ртуть
2384;рубеж
2385;рубец
2386;рубин
2387;рубка
2388;рубль
2389;ругня
2390;рудяк
2391;ружьё
2392;руина
2393;рукав
2394;рулет
2395;рулон
2396;румба
2397;румын
2398;рупия
2399;рупор
2400;русак
2401;русин
2402;русло
2403;рутил
2404;ручей
2405;ручка
2406;рыбак
2407;рыбец
2408;рыбка
2409;рывок
2410;рыжак
2411;рыжик
2412;рында
2413;рынок
2414;рысак
2415;рысца
2416;рытьё
2417;рычаг
2418;рэкет
2419;рюмка
2420;рюшка
2421;рябец
2422;рябик
2423;рябок
2424;рядно
2425;рядок
2426;ряска
2427;рясна
2428;саами
2429;сабан
2430;сабеи
2431;сабей
2432;сабза
2433;сабля
2434;сабур
2435;саван
2436;сагиб
2437;садик
2438;садно
2439;садок
2440;сазан
2441;сайга
2442;сайда
2443;сайка
2444;сайра
2445;саква
2446;сакля
2447;салат
2448;салма
2449;салол
2450;салон
2451;салоп
2452;салют
2453;саман
2454;самба
2455;самбо
2456;самец
2457;самка
2458;самум
2459;санки
2460;сапёр
2461;сапка
2462;сапог
2463;сапун
2464;сарай
2465;саржа
2466;сарыч
2467;сатин
2468;сатир
2469;сауна
2470;сахар
2471;сачок
2472;сбора
2473;сброд
2474;сброс
2475;сбруя
2476;свара
2477;сваха
2478;свеча
2479;свиль
2480;свист
2481;свита
2482;свора
2483;свояк
2484;связа
2485;связь
2486;сглаз
2487;сдача
2488;сдвиг
2489;сдоба
2490;сеанс
2491;севба
2492;север
2493;севок
2494;седло
2495;седок
2496;сеево
2497;сезам
2498;сезон
2499;сейид
2500;сейша
2501;секач
2502;секта
2503;селен
2504;селин
2505;сёмга
2506;семит
2507;семья
2508;сенат
2509;сенцо
2510;сенцы
2511;сепия
2512;серия
2513;серка
2514;серко
2515;серна
2516;серсо
2517;серум
2518;сетка
2519;сеунч
2520;сечка
2521;сиаль
2522;сивая
2523;сивер
2524;сивка
2525;сивко
2526;сивуч
2527;сигма
2528;сидор
2529;сиена
2530;сижок
2531;сизяк
2532;силач
2533;силка
2534;силок
2535;силон
2536;силос
2537;силур
2538;сильф
2539;симка
2540;синап
2541;синец
2542;синод
2543;синус
2544;синяк
2545;синяя
2546;сипай
2547;сирен
2548;сирин
2549;сироп
2550;систр
2551;ситар
2552;ситец
2553;ситро
2554;ситце
2555;сифон
2556;скала
2557;скало
2558;скань
2559;скарб
2560;скарн
2561;скаут
2562;скачь
2563;сквер
2564;скейт
2565;скена
2566;скепт
2567;скетч
2568;скирд
2569;склад
2570;склеп
2571;склиз
2572;склон
2573;скоба
2574;скопа
2575;скора
2576;скорм
2577;скотч
2578;скрап
2579;скреп
2580;скрип
2581;скуди
2582;скудо
2583;скука
2584;скула
2585;скунс
2586;слава
2587;слайд
2588;слань
2589;слега
2590;слеза
2591;сленг
2592;слива
2593;слизь
2594;слово
2595;слуга
2596;слуда
2597;слука
2598;слюда
2599;слюна
2600;смазь
2601;смена
2602;смерд
2603;смерч
2604;смесь
2605;смета
2606;смола
2607;смоль
2608;смотр
2609;смрад
2610;смута
2611;смуть
2612;смысл
2613;снедь
2614;сноха
2615;сныть
2616;собор
2617;совет
2618;совик
2619;совка
2620;совок
2621;согды
2622;согра
2623;содом
2624;созыв
2625;сойка
2626;сойма
2627;сойот
2628;сокол
2629;солея
2630;солка
2631;солод
2632;соляр
2633;сомик
2634;сомье
2635;сонет
2636;сопка
2637;сопло
2638;сопля
2639;сопун
2640;сорго
2641;сорит
2642;сорок
2643;сором
2644;сорус
2645;сосед
2646;сосец
2647;соска
2648;сосна
2649;сосок
2650;сосуд
2651;сосун
2652;сотая
2653;сотка
2654;сотня
2655;софит
2656;сохач
2657;сошка
2658;спазм
2659;спесь
2660;спина
2661;спирт
2662;спица
2663;сплав
2664;сплин
2665;спора
2666;спорт
2667;спрей
2668;спрос
2669;спрут
2670;спурт
2671;спуск
2672;среда
2673;ссора
2674;ссуда
2675;стадо
2676;сталь
2677;станс
2678;старт
2679;старь
2680;стать
2681;ствол
2682;створ
2683;стега
2684;стезя
2685;стека
2686;стела
2687;стена
2688;стенд
2689;стень
2690;степс
2691;степь
2692;стило
2693;стиль
2694;стоик
2695;столб
2696;столп
2697;стопа
2698;стояк
2699;страж
2700;страз
2701;страх
2702;стриж
2703;строй
2704;строп
2705;струг
2706;струп
2707;струя
2708;стужа
2709;ступь
2710;стыдь
2711;стынь
2712;суаре
2713;судак
2714;судно
2715;судок
2716;судья
2717;суета
2718;сукно
2719;сулея
2720;сулой
2721;сумка
2722;сумма
2723;супер
2724;супец
2725;супин
2726;суржа
2727;сурик
2728;сурна
2729;сурок
2730;сусак
2731;сусек
2732;сусло
2733;сутаж
2734;сутки
2735;суфле
2736;сучок
2737;сучьё
2738;сушка
2739;сфера
2740;схема
2741;схима
2742;сцена
2743;съезд
2744;сынок
2745;сыпец
2746;сырец
2747;сырок
2748;сырть
2749;сырца
2750;сырьё
2751;сычуг
2752;сыщик
2753;сюжет
2754;сюита
2755;сябёр
2756;сяжок
2757;табак
2758;табло
2759;табор
2760;табун
2761;тавот
2762;тавро
2763;таган
2764;тазик
2765;тайга
2766;тайна
2767;такса
2768;такси
2769;такыр
2770;талер
2771;талес
2772;талик
2773;талия
2774;талон
2775;талыш
2776;тальк
2777;тамга
2778;танго
2779;танец
2780;танин
2781;танок
2782;тапёр
2783;тапир
2784;тапка
2785;таран
2786;тариф
2787;тарын
2788;таска
2789;татка
2790;тафта
2791;тафья
2792;тахта
2793;тацет
2794;тачка
2795;ташка
2796;тварь
2797;твист
2798;театр
2799;тезис
2800;тёзка
2801;теизм
2802;теист
2803;текст
2804;телец
2805;телик
2806;тёлка
2807;телок
2808;тембр
2809;темка
2810;тенёк
2811;тенор
2812;тепло
2813;терем
2814;тёрка
2815;термы
2816;терно
2817;тесак
2818;тёска
2819;тесло
2820;тесто
2821;тесть
2822;тётка
2823;теург
2824;течка
2825;тёшка
2826;тиара
2827;тигра
2828;тимол
2829;типаж
2830;типец
2831;типик
2832;типун
2833;тираж
2834;тиран
2835;тиски
2836;титан
2837;титло
2838;титул
2839;тифон
2840;тифус
2841;ткань
2842;тлень
2843;товар
2844;тодес
2845;тойон
2846;токай
2847;толай
2848;толпа
2849;толща
2850;томан
2851;томат
2852;томик
2853;тондо
2854;тоник
2855;тонна
2856;тонус
2857;топаз
2858;топик
2859;топка
2860;топор
2861;топот
2862;торба
2863;торец
2864;торий
2865;торит
2866;торос
2867;тоска
2868;тотем
2869;тохар
2870;точка
2871;трава
2872;тракт
2873;транс
2874;транш
2875;трапп
2876;трасс
2877;трата
2878;траур
2879;треба
2880;трель
2881;треск
2882;трест
2883;треть
2884;треух
2885;трефа
2886;триас
2887;триба
2888;триер
2889;трико
2890;триод
2891;тромб
2892;тромп
2893;тропа
2894;труба
2895;труха
2896;трюмо
2897;туаль
2898;тубус
2899;тугай
2900;тугун
2901;тузик
2902;тукан
2903;тулес
2904;тулий
2905;тулуз
2906;тулук
2907;тулун
2908;тулуп
2909;тулья
2910;тумак
2911;туман
2912;тумба
2913;тунец
2914;тупей
2915;тупец
2916;тупик
2917;турач
2918;турка
2919;турне
2920;турок
2921;тутор
2922;тутти
2923;туфля
2924;тучка
2925;тушка
2926;тщета
2927;тыква
2928;тынок
2929;тырло
2930;тырса
2931;тычок
2932;тюбик
2933;тюник
2934;тюрбе
2935;тюрбо
2936;тюрик
2937;тютюн
2938;тюфяк
2939;тючок
2940;тябло
2941;тягач
2942;тягло
2943;тяжба
2944;тяпка
2945;уазик
2946;уброд
2947;убрус
2948;убыль
2949;увраж
2950;угода
2951;уголь
2952;угорь
2953;угрев
2954;удаль
2955;удача
2956;удерж
2957;удило
2958;удэге
2959;удэхе
2960;узбек
2961;узина
2962;узник
2963;уйгур
2964;уклад
2965;уклея
2966;уклон
2967;укроп
2968;укрюк
2969;уксус
2970;улика
2971;улита
2972;улица
2973;улыба
2974;умбра
2975;умище
2976;умник
2977;умора
2978;униат
2979;уника
2980;унион
2981;унтер
2982;унция
2983;упрёк
2984;упырь
2985;ураза
2986;урема
2987;урина
2988;урман
2989;усина
2990;усище
2991;ускок
2992;успех
2993;устав
2994;устой
2995;уступ
2996;устье
2997;утеря
2998;утеха
2999;утиль
3000;утица
3001;ухарь
3002;ухват
3003;ухожь
3004;учёба
3005;ушица
3006;ушкан
3007;ушкуй
3008;ушник
3009;ущерб
3010;фабра
3011;фавор
3012;фавус
3013;фагот
3014;фадом
3015;фазан
3016;фазис
3017;факел
3018;факир
3019;фалда
3020;фальц
3021;фанат
3022;фарад
3023;фарси
3024;фасад
3025;фасет
3026;фаска
3027;фасон
3028;фатум
3029;фатюй
3030;фауна
3031;фация
3032;фаянс
3033;фелон
3034;фенол
3035;ферзь
3036;ферма
3037;феска
3038;фетиш
3039;фетюк
3040;фиакр
3041;фибра
3042;фижмы
3043;физик
3044;физия
3045;фикус
3046;филей
3047;филёр
3048;филин
3049;фильм
3050;фильц
3051;фимоз
3052;финал
3053;финик
3054;финиш
3055;финка
3056;финна
3057;фиорд
3058;фирма
3059;фитин
3060;фишка
3061;фланг
3062;фланк
3063;флейт
3064;флейц
3065;флешь
3066;флинт
3067;флирт
3068;флокс
3069;флора
3070;флюид
3071;фляга
3072;фобия
3073;фокус
3074;фолио
3075;фомка
3076;форма
3077;форте
3078;форум
3079;фоска
3080;фотон
3081;фофан
3082;фраер
3083;фраза
3084;франк
3085;франт
3086;фрахт
3087;фреза
3088;френч
3089;фронт
3090;фрукт
3091;фугас
3092;фужер
3093;фузея
3094;фукус
3095;фуляр
3096;фураж
3097;фурия
3098;фурма
3099;фурор
3100;футер
3101;футор
3102;фуфло
3103;фуэте
3104;фьорд
3105;фюрер
3106;хабар
3107;хаджи
3108;хадис
3109;хазар
3110;хайло
3111;хакас
3112;хакер
3113;халат
3114;халва
3115;халда
3116;халиф
3117;хамит
3118;хамка
3119;хамса
3120;хамьё
3121;ханжа
3122;ханша
3123;хапун
3124;харчо
3125;хасид
3126;хатка
3127;хашиш
3128;хвала
3129;хворь
3130;хвост
3131;хедер
3132;хедив
3133;херес
3134;херик
3135;хиазм
3136;хиляк
3137;химик
3138;химия
3139;хинди
3140;хинду
3141;хинин
3142;хиппи
3143;хитин
3144;хитон
3145;хлёст
3146;хлупь
3147;хлыст
3148;хлюст
3149;хлябь
3150;хмара
3151;хмарь
3152;хмель
3153;хмурь
3154;хобби
3155;хобот
3156;ходок
3157;ходун
3158;холка
3159;холод
3160;холоп
3161;холст
3162;холуй
3163;хомут
3164;хомяк
3165;хорал
3166;хорда
3167;хорей
3168;хорёк
3169;хорея
3170;хохма
3171;хохол
3172;хохот
3173;хруст
3174;хряпа
3175;хряск
3176;хряст
3177;хунта
3178;хурал
3179;хурма
3180;хутор
3181;цадик
3182;цанга
3183;цапка
3184;цапля
3185;цапун
3186;цапфа
3187;царёк
3188;цацка
3189;цевка
3190;цевьё
3191;цедра
3192;цезий
3193;целик
3194;целое
3195;центр
3196;цехин
3197;цикля
3198;цинга
3199;циник
3200;циста
3201;цитра
3202;цифра
3203;цокот
3204;цукат
3205;цуцик
3206;цыбик
3207;цыган
3208;цыпка
3209;чабан
3210;чабер
3211;чабёр
3212;чадра
3213;чайка
3214;чакан
3215;чалка
3216;чалма
3217;чарка
3218;часик
3219;часок
3220;часть
3221;чашка
3222;чебак
3223;чёбот
3224;чекан
3225;чёлка
3226;чемер
3227;чепан
3228;чепец
3229;черва
3230;червь
3231;черёд
3232;через
3233;черен
3234;череп
3235;чернь
3236;черта
3237;чёска
3238;честь
3239;чётка
3240;чехол
3241;чечен
3242;чечет
3243;чешка
3244;чешуя
3245;чибис
3246;чижик
3247;чилим
3248;чинар
3249;чинка
3250;чирей
3251;чирик
3252;чирок
3253;чирус
3254;чиряк
3255;число
3256;читка
3257;чомга
3258;чрево
3259;чреда
3260;чтиво
3261;чтица
3262;чубик
3263;чубук
3264;чувал
3265;чуваш
3266;чувяк
3267;чугун
3268;чудак
3269;чудик
3270;чужак
3271;чужая
3272;чужое
3273;чуйка
3274;чукча
3275;чулан
3276;чулок
3277;чумак
3278;чурек
3279;чурка
3280;чутьё
3281;чухна
3282;чушка
3283;шабат
3284;шабер
3285;шабёр
3286;шабли
3287;шабот
3288;шабур
3289;шавка
3290;шажок
3291;шайба
3292;шайка
3293;шакал
3294;шалаш
3295;шалон
3296;шалун
3297;шаман
3298;шамот
3299;шанец
3300;шанкр
3301;шапка
3302;шарик
3303;шасла
3304;шассе
3305;шасси
3306;шатен
3307;шатёр
3308;шатия
3309;шатун
3310;шафер
3311;шахта
3312;шашка
3313;шваль
3314;шванк
3315;шверт
3316;шевро
3317;шейка
3318;шелеп
3319;шелом
3320;шельф
3321;шемая
3322;шёпот
3323;шериф
3324;шибер
3325;шизик
3326;шиизм
3327;шимми
3328;шинок
3329;шипок
3330;шипун
3331;ширма
3332;шитво
3333;шитик
3334;шитьё
3335;шифер
3336;шифон
3337;шихта
3338;шишак
3339;шишка
3340;шкала
3341;шквал
3342;шкерт
3343;шкода
3344;школа
3345;шкура
3346;шланг
3347;шлейф
3348;шлица
3349;шлюха
3350;шляпа
3351;шмель
3352;шмоль
3353;шнапс
3354;шнека
3355;шнява
3356;шняка
3357;шорня
3358;шорох
3359;шоссе
3360;шофёр
3361;шпага
3362;шпала
3363;шпана
3364;шпиль
3365;шпион
3366;шпора
3367;шприц
3368;шпрот
3369;шпуля
3370;шпунт
3371;шпынь
3372;шримс
3373;шрифт
3374;штамб
3375;штамм
3376;штамп
3377;штаны
3378;штейн
3379;штиль
3380;штифт
3381;штора
3382;шторм
3383;штосс
3384;штраб
3385;штраф
3386;штрек
3387;штрих
3388;штука
3389;штурм
3390;штыка
3391;штырь
3392;шубка
3393;шугай
3394;шуйца
3395;шулер
3396;шумок
3397;шурин
3398;шурпа
3399;шуруп
3400;шуряк
3401;шутка
3402;шушун
3403;шхуна
3404;щебет
3405;щегол
3406;щёкот
3407;щёлка
3408;щёлок
3409;щенок
3410;щепка
3411;щепьё
3412;щерба
3413;щётка
3414;щёчка
3415;щипец
3416;щипка
3417;щипок
3418;щитик
3419;щиток
3420;щупик
3421;щурка
3422;щучка
3423;эвенк
3424;эгида
3425;эгрет
3426;эдикт
3427;экзот
3428;эклер
3429;экран
3430;элита
3431;эллин
3432;эмаль
3433;эммер
3434;энзим
3435;эолит
3436;эпика
3437;эпонж
3438;эпоха
3439;эрзац
3440;эркер
3441;эскиз
3442;эспри
3443;эстет
3444;этика
3445;этнос
3446;эфиоп
3447;эшарп
3448;югрич
3449;югурт
3450;юдоль
3451;юзист
3452;юкола
3453;юниор
3454;юница
3455;юнкер
3456;юнкор
3457;юннат
3458;юноша
3459;юрага
3460;юрист
3461;юферс
3462;ябеда
3463;ягель
3464;ягода
3465;ягуар
3466;яичко
3467;яишня
3468;якорь
3469;ямина
3470;ямища
3471;ямщик
3472;ярица
3473;ярлык
3474;яруга
3475;ярыга
3476;ясень
3477;яспис
3478;яство
3479;ястык
3480;ясырь
3481;ятовь
3482;яхонт
